Filename,Download Link
wireframe-of-flying-between-mountains-2023-11-27-05-35-16-utc.mp4,https://drive.google.com/uc?export=download&id=1dvDBSzjePSsTSTEx3KS84g4LtI_CvEKk
TRIAL____________synthwave-landscape-of-glowing-river-mountains-and-2023-11-27-05-00-38-utc.mp4,https://drive.google.com/uc?export=download&id=15FFX0cKxZkpBz0aq4n2KPdVIFCbnJ2v_
TRIAL____________synthwave-palms-road-2024-08-28-02-32-15-utc.mp4,https://drive.google.com/uc?export=download&id=1P8-Tsn6vWHZkZMEECj73cALl8V955TQJ
TRIAL____________synthwave-road-2024-09-10-18-03-30-utc.mp4,https://drive.google.com/uc?export=download&id=1i95tgeNXoG_D542QacNstiNKzI-iMHB0
TRIAL____________synthwave-flying-car-in-fantasy-space-2023-11-27-04-58-51-utc.mp4,https://drive.google.com/uc?export=download&id=1yKIok883LjxXx2HnxoNTUrwx5rbhkebJ
TRIAL____________synthwave-landscape-with-glitch-and-digital-noise-2024-04-09-19-12-39-utc.mp4,https://drive.google.com/uc?export=download&id=1Q97gY2Vbw9cY4qLgyThVJiwZ15eHePZT
TRIAL____________silhouette-palms-road-2024-09-09-04-18-32-utc.mp4,https://drive.google.com/uc?export=download&id=1VSf1Cul11kDijIcF2i-ss3_pI4bQYmNo
synthwave-landscape-with-glitch-and-digital-noise-2024-04-09-19-12-39-utc.mp4,https://drive.google.com/uc?export=download&id=11D0TKlwNrtNMqZZleAFfXmZHXQdpl4Dt
retro-purple-led-neon-tunnel-vj-loop-animation-bac-2023-11-27-05-10-08-utc.mp4,https://drive.google.com/uc?export=download&id=1A5NRUYVgjSqya73-rWtcVtlhIvKRznL_
retro-futuristic-synthwave-car-loop-2024-12-02-03-45-57-utc.mp4,https://drive.google.com/uc?export=download&id=1vwkS4hCDR_s3IyWal-0NXxD-aL1tIRYD
retro-car-sunset-drive-synthwave-loop-2025-03-16-16-39-44-utc.mp4,https://drive.google.com/uc?export=download&id=1jmsx6NhbUZUtdMvCeldZEBYJ_G6HJ_Vy
motorcycle-palm-tree-road-2024-09-23-22-15-17-utc.mp4,https://drive.google.com/uc?export=download&id=1p35xGOG62sGI_CvPK47tsJnTPEKk9Ihr
colorful-abstract-synthwave-backdrop-with-palm-tre-2024-03-05-16-57-00-utc_1.mp4,https://drive.google.com/uc?export=download&id=1-h6nOTdmECBAxi3BaLJN9PfFW3mAtt4k
8-bit-synthwave-bike-2023-11-27-05-16-05-utc_2.mp4,https://drive.google.com/uc?export=download&id=11f3WrC4KrNLpDIX6jPQCKgJkmpMkIQC_
8 bit night city road_side_2.mp4,https://drive.google.com/uc?export=download&id=1kJI5GrvJ1_YFUtCSem2Txb_bcJ3QuWAU
8 bit night city road_front_2.mp4,https://drive.google.com/uc?export=download&id=1phVuFJJB9M-567IVfWmeyWzkGThLr5fS
retro-1980s-animation-with-rocks-river-sun-and-c-2025-01-06-21-25-22-utc.mp4,https://drive.google.com/uc?export=download&id=142aJ79imSUXmFwLBolT2m-owpEb-088H
8-bit-synthwave-bike-2023-11-27-05-16-05-utc_1.mp4,https://drive.google.com/uc?export=download&id=1SINrwnjQqxKoVKKzJiE2ir-eZf9OD74z
8 bit night city road_side_1.mp4,https://drive.google.com/uc?export=download&id=15CbFBcAJKDJJRTivLPUmGrnFGTlxQpj4
retro-futuristic-scifi-night-city-seamless-loop-2023-11-27-04-51-29-utc.mp4,https://drive.google.com/uc?export=download&id=1FAzGRlc5nIFx8WWMyNkDF-Xf7J6LIbop
8-bit-synthwave-car-2023-11-27-05-18-45-utc.mp4,https://drive.google.com/uc?export=download&id=1X_xHUxaa_5jMOkfJtjsnKUecayBqduBo
synthwave-retro-sun-2023-11-27-05-34-04-utc.mp4,https://drive.google.com/uc?export=download&id=1a3AvppsL138mVgkODk118jdLcLZbevqm
road-to-the-sun-80s-retro-style-looped-synthwave-b-2023-11-27-05-20-09-utc.mp4,https://drive.google.com/uc?export=download&id=1TLVpDzHTF90rM1p9coTdT6or1fYfqMJS
retro-synthwave-tv-vj-loop-2023-11-27-05-08-50-utc.mp4,https://drive.google.com/uc?export=download&id=1UUqXg_xtRMq1gR3WqlwALXnf5xGQhDBy
sunset-with-palm-trees-moving-and-mountain-beautif-2024-05-03-18-16-24-utc.mp4,https://drive.google.com/uc?export=download&id=1KNgA8E3kVEmrzCaCCihFKc9fkYbuJw0S
80s-retro-futuristic-background-loop-2023-11-27-05-09-13-utc copy.mp4,https://drive.google.com/uc?export=download&id=1o5VPEq-APd6DD3-IfJpjnSHTtdK3UK10
synthwave-aesthetic-2023-11-27-05-10-30-utc.mp4,https://drive.google.com/uc?export=download&id=1Mf9CtDJB6a8syw86eZiURcUPbI2JtFLw
RT09.mp4,https://drive.google.com/uc?export=download&id=1h05nBZ_7csNSPx4mN-gCtNEEBAIhjU18
retro-futuristic-synthwave-palm-trees-neon-grid-su-2025-05-08-02-07-04-utc.mp4,https://drive.google.com/uc?export=download&id=1LPpbK0sbftKH8aCbUxAEFZkeHQINuisv
RETRO 8.mp4,https://drive.google.com/uc?export=download&id=1EaUkKiDv5mVPG3FgAlZ3J_94O2gl7Kh6
RETRO 7.mp4,https://drive.google.com/uc?export=download&id=1GfEluRsspI0tT8BXSNd1a8Ix92iHZWrB
RETRO 6.mp4,https://drive.google.com/uc?export=download&id=1ha_knu1zCnf46vO5Z7Wj7sRwlK5L6UHN
RETRO 5.mp4,https://drive.google.com/uc?export=download&id=1Qj_yJrSFaaO-z8pLuFAuQ-tjU_ps341f
RETRO 4.mp4,https://drive.google.com/uc?export=download&id=179YU-l-tf664g87IgNqKvnUMu3hJAPhD
RETRO 3.mp4,https://drive.google.com/uc?export=download&id=1iPI3wuy1tajYl8jclOfws5C9X7ddY9D-
RETRO 2.mp4,https://drive.google.com/uc?export=download&id=1u63z93-hh76OkPmJJMaOQAYMJHqs8XGk
RETRO 1.mp4,https://drive.google.com/uc?export=download&id=1bw4AeS5c3sK2iAkJbwY_FcFG9hi4VdHU
AveRetro_8.mp4,https://drive.google.com/uc?export=download&id=1G-iYiJ4-NPAARt5jT7cHBWLKOnoUyyQG
AveRetro_7.mp4,https://drive.google.com/uc?export=download&id=15JLHaIGyfIWi4TsnZYCu-IA-1Fesgzcb
AveRetro_6.mp4,https://drive.google.com/uc?export=download&id=17-nolJ_73rGlwJ2JIu-UHlkywFy4wZ5W
AveRetro_5.mp4,https://drive.google.com/uc?export=download&id=1a953_3gyfCfDcqR0b4d0Wu6tNWWELSMH
AveRetro_4.mp4,https://drive.google.com/uc?export=download&id=1qrmVbMOJOj-VAO8fnljKSdMWUW5poL85
AveRetro_3.mp4,https://drive.google.com/uc?export=download&id=1te5jXuUBpAaOGKtnbjLDst76vh24ebWU
AveRetro_2.mp4,https://drive.google.com/uc?export=download&id=1NWeiF7vqAK2q0-x4KL5PW5cKjEoag3nd
AveRetro_1.mp4,https://drive.google.com/uc?export=download&id=1lU3teU4-kRumYjOXIRP08HkP1mmgY3u_
80s-retro-wave-de-lorean-drive-2023-11-27-05-32-17-utc.mp4,https://drive.google.com/uc?export=download&id=1Sn7CmDMa15mi6aFJAaTmiQ_ujDz-6rRA
retro-wave-cinematic-background-3d-render-endless-2024-06-23-22-32-53-utc.mp4,https://drive.google.com/uc?export=download&id=1i25hTmIK_z48ggRPbbxKeY7IEK7L2odN
3d-render-retrowave-vj-futuristic-cinematic-backg-2024-01-08-19-18-32-utc.mp4,https://drive.google.com/uc?export=download&id=1d6gcL72KHH9o0OCTkY3nIxPP7Z0cTsqf
retro-sun-synthwave-vaporwave-2023-11-27-04-50-17-utc.mp4,https://drive.google.com/uc?export=download&id=10jijl7FQMaT6MrpaAdEpfue3HtlB7qtx
retro-80s-style-synthwave-sunrise-with-palm-trees-2023-11-27-05-17-47-utc.mp4,https://drive.google.com/uc?export=download&id=17VQePedoFPy1ZZ88IuX4JBsAf-4IaNIg
NeonCube_05.mp4,https://drive.google.com/uc?export=download&id=1u1vKsr8QcA5cvtRuJumKaqeF0qjS20AI
NeonCube_04.mp4,https://drive.google.com/uc?export=download&id=1kTHx7A2_caR14Fx5Gh3lLd4YdXl9a3gA
NeonCube_03.mp4,https://drive.google.com/uc?export=download&id=1yUBRGfCCDr9JPUDcmbaAUetfeaWAbVgG
NeonCube_02.mp4,https://drive.google.com/uc?export=download&id=1irCSLs1v34BiC4Ro_Hrd_3Eow1UQJQgR
NeonCube_01.mp4,https://drive.google.com/uc?export=download&id=1dUBFiXOeetzmq4Khli1YodUbFQCn_O9L
80-s-abstract-retro-futuristic-background-2023-11-27-05-08-14-utc.mp4,https://drive.google.com/uc?export=download&id=1kJ5XFrZGF556TYbdkH23yPolixRqMFr6
seamless-loop-background-with-retro-futuristic-lan-2024-10-01-10-19-26-utc.mp4,https://drive.google.com/uc?export=download&id=1Pg4uzJr865JhDhaPOaUc4-GRr0v-Zitj
universe-retro-futuristic-80-s-background-2023-11-27-05-00-51-utc.mp4,https://drive.google.com/uc?export=download&id=1fmCVfS70Tsib8SIOVdTSDvxiohyNuMpm
Tropical Loops Pack 6.mp4,https://drive.google.com/uc?export=download&id=1LaqPmkTtjBX5DjF7HK1OD1E3VDNBtBkz
Tropical Loops Pack 5.mp4,https://drive.google.com/uc?export=download&id=1YRw7ADmvC5YJ5tn4l2O9y-V_hpb8pkT-
Tropical Loops Pack 4.mp4,https://drive.google.com/uc?export=download&id=1tUhMXj3bauwHPeZUbuUMoE0KUI9I7x9h
Tropical Loops Pack 2.mp4,https://drive.google.com/uc?export=download&id=1bYBF9nD_mKqW-48rT4mfONwTj2-PCxga
Tropical Loops Pack 1.mp4,https://drive.google.com/uc?export=download&id=1GdVrceXvyfAG48ktv9mngwekfs2By6IS
Tropical Loops Pack  3.mp4,https://drive.google.com/uc?export=download&id=1-znkvGxr4YoHMvR3uG75WaJen1LUrStt
retrowave-sunset-2023-11-27-05-34-35-utc.mp4,https://drive.google.com/uc?export=download&id=1NIC5BdOACXBpVvsqY9WFgchTZRS9Ly1o
retrowave-background-4k-2023-11-27-05-09-02-utc.mp4,https://drive.google.com/uc?export=download&id=1afPZTzpdsfQkq0HVYbnsOM74Q2yO9yHg
preview Neon City Pack revisi.mp4,https://drive.google.com/uc?export=download&id=1Am_94Rp8atnkDmt9Z_WOuVvvlAMtQi6A
Neon City 6.mp4,https://drive.google.com/uc?export=download&id=17Q6Pxcv0R6I5xShKiEsJmCd3u2Lv-XBe
Neon City 5.mp4,https://drive.google.com/uc?export=download&id=1RkXSnxRnU_NZG5Cv4dg7fmKCKPDP4kfa
Neon City 4.mp4,https://drive.google.com/uc?export=download&id=1OUUPyzUgJYB6E2SEHKpMSQ4rgpxqydX9
Neon City 3.mp4,https://drive.google.com/uc?export=download&id=11-gkvPUFHgI89MZqvrOUMZUq8zb-RTCD
Neon city 2.mp4,https://drive.google.com/uc?export=download&id=1cNi_KxINBxA8svw1e5eSU4h7hQ6JkRav
Neon city 1.mp4,https://drive.google.com/uc?export=download&id=1ZwNXvL2aBB_RgZJXOF29XOc8g61r0aZi
4k-neon-tunnel-2023-11-27-05-29-48-utc.mp4,https://drive.google.com/uc?export=download&id=1KG2mCYCSZreDFhqDFNpsYfXC7lpns58I
vj-loop-night-city-road-in-the-futuristic-city-8-2023-11-27-05-23-27-utc.mp4,https://drive.google.com/uc?export=download&id=1PcBqTE2OxGkU2MfDqI36br9QceAK2LAA
Retrowave VJ Loop 004.mp4,https://drive.google.com/uc?export=download&id=1M-x82MjnRCEZb08pD3bi6QcmWWSODeje
Retrowave VJ Loop 003.mp4,https://drive.google.com/uc?export=download&id=1OVKG7jfU7FQ6INWaZNpZ7qupEO03h4Ql
Retrowave VJ Loop 002.mp4,https://drive.google.com/uc?export=download&id=1GwUtrrjYAIx64OibMKZGZfTdQVuRtH2n
Retrowave VJ Loop 001.mp4,https://drive.google.com/uc?export=download&id=1pe2_J69PZUjuGBUxo2H7f3ea33tjCImS
neon-lines-are-flying-in-outer-space-2023-11-27-05-36-21-utc.mp4,https://drive.google.com/uc?export=download&id=1wm-gk9mmsmeEMzIlUJiIa5J02zmZbOg-
neon-jungle-tunnel-looped-animation-2023-11-27-05-17-36-utc.mp4,https://drive.google.com/uc?export=download&id=1XmTpmPeEhYZuB3PqsH7kHi-IpunT7LNI
neon-cosmos-galaxy-retro-futurism-planet-2023-11-27-04-49-13-utc.mp4,https://drive.google.com/uc?export=download&id=1BIiU7GczDUHucihdarPENBOefaBQKnIh
loop-background-neon-retro-wave-80s-style-2023-11-28-18-12-57-utc.mp4,https://drive.google.com/uc?export=download&id=15W_I6Pk1ijHanXRui3nQjXuo2AczfsDj
lemniscate-of-bernoulli-infinity-sign-with-retro-v-2024-03-19-18-12-24-utc.mp4,https://drive.google.com/uc?export=download&id=1k8qJcDvxWQiFr0y5iWjZVYqhqw1i6X9T
highway-to-town-80s-retrowave-outrun-background-2023-11-27-05-35-06-utc.mp4,https://drive.google.com/uc?export=download&id=1aDqxe7KPDc3n7Lh5knL4g2O9qnK-W1TU
aesthetic-vaporwave-dolphins-jump-over-cgi-retro-9-2023-11-27-05-32-32-utc.mp4,https://drive.google.com/uc?export=download&id=1XPRYy6RwIZPb-p6x_8bGJLae3Ix-Z0Vs
abstract-retro-purple-neon-road-with-blue-moon-2023-11-27-05-08-22-utc.mp4,https://drive.google.com/uc?export=download&id=12qS03XFqbsd4OYZ87ZqTL5fgjsQoVvrL
Abstract Retrowave VJ Loop 004.mp4,https://drive.google.com/uc?export=download&id=1_iU4aTJ7PeOe8sA2tWg35M4RzeWz2Znm
Abstract Retrowave VJ Loop 003.mp4,https://drive.google.com/uc?export=download&id=1ZQzlW9PIHMbseL2DR9hKhoFsxYi6kCUt
Abstract Retrowave VJ Loop 002.mp4,https://drive.google.com/uc?export=download&id=1CfGavNDkaDQaiC2kumuVMpcMut7H2gdW
Abstract Retrowave VJ Loop 001.mp4,https://drive.google.com/uc?export=download&id=1PFohjKLryzoFle-WMA2y85fc3byyh4S9
80s-retro-vaporwave-statue-and-neon-light-2023-11-27-05-33-07-utc.mp4,https://drive.google.com/uc?export=download&id=1nztIbfGvteaDbGQ-H503cSbemvPZ8_l0
80s-flamingo-hd-2025-05-01-04-02-19-utc.mp4,https://drive.google.com/uc?export=download&id=1sBltz3hX-70QBm2Kf8xEVKZikiBSVHVv
80-s-retro-neon-background-2023-11-27-05-29-27-utc.mp4,https://drive.google.com/uc?export=download&id=12YR4ZurRXBdeLut1eewCrdOPpcBsrDEQ
retro-neon-lights-vj-tunnel-4k-2023-11-27-05-02-05-utc.mp4,https://drive.google.com/uc?export=download&id=1A2ShpfH14EUS7FuNli1kkaLogA-bRWMa
retro-arcade-gaming-neon-lights-pixelated-fun-virt-2025-05-22-23-11-26-utc.mp4,https://drive.google.com/uc?export=download&id=1rmIURT2znR_nNxm4YGkE8aDfEyowP8aO
cyber-neon-retro-sun-vj-loop-2023-11-27-05-33-03-utc.mp4,https://drive.google.com/uc?export=download&id=1Vf_ZqYtQd3M74KJey_veD_4OzCVA2ytp
roller-coaster-in-neon-light-2024-07-24-00-32-14-utc.mp4,https://drive.google.com/uc?export=download&id=14ht7s1N35ABukUGVBkH8-5KBy6D5eWyN
retro-sunset-2024-05-10-17-35-28-utc.mp4,https://drive.google.com/uc?export=download&id=1Lb3FIPmI7dVcHFUGuQyoa0_iA2zZudh7
retro-wave-cinematic-background-3d-render-endless-2024-06-27-18-08-26-utc.mp4,https://drive.google.com/uc?export=download&id=17DltwKwG7MoeOZiZmt-GLz_X4wXJ_1es
video-game-arcade-machines-2024-04-16-21-53-05-utc.mp4,https://drive.google.com/uc?export=download&id=1J7RBHfyYLa9gBUDNa0kgkGwxxR3OJwpf
top-view-alien-planet-with-retro-futuristic-concep-2023-11-27-05-12-51-utc.mp4,https://drive.google.com/uc?export=download&id=1ZQNzm3wlPb8FhPJeafzmyhkeZAn1CMxl
techno-grid-game-80-electronic-music-party-poste-2023-11-27-05-07-09-utc.mp4,https://drive.google.com/uc?export=download&id=15q76ahRpyiV1gjCfrIPzP1Cjbp6j6xoy
synthwave-palms-road-2024-04-12-12-22-05-utc_1.mp4,https://drive.google.com/uc?export=download&id=16CFrZTahWQbHZIU9f0IpEeIHb7FR_RZN
spaceship-journey-4k-2023-11-27-05-06-14-utc_1.mp4,https://drive.google.com/uc?export=download&id=1ROKYcqdTunW7laIljU-d3xcfSQpxFLCK
rock-tunnel-and-futuristic-orange-sun-2023-11-27-05-07-21-utc_1.mp4,https://drive.google.com/uc?export=download&id=1-5MkD6X1gEeOjq3_iuNkyyVfPUyD6Huy
retro-wave-colorful-background-endless-futuristic-2024-11-11-01-19-00-utc.mp4,https://drive.google.com/uc?export=download&id=1VYJoMyxVKgIkGwk3rNW1GBq3QuyRFdf8
retro-futuristic-1980s-style-sci-fi-car-background-2023-11-27-04-57-11-utc_1.mp4,https://drive.google.com/uc?export=download&id=1p7CRQlcnPK3xc-zsttJc_ex44L291FPZ
retro-future-neon-trip-loop-2024-04-12-12-46-12-utc_1.mp4,https://drive.google.com/uc?export=download&id=1wM-oHaGSB5Cj_bZCu_zlY5MjGXth3xql
retro-80s-style-synthwave-sunrise-with-palm-trees-2023-11-27-05-30-59-utc.mp4,https://drive.google.com/uc?export=download&id=1anJriEOLSW-hHU6J-Pl1wYixIP_FKMAn
flying-into-retro-style-tunnel-scifi-corridor-2023-11-27-05-19-56-utc_1.mp4,https://drive.google.com/uc?export=download&id=1-nOMDRSkO23RK-Oiqyz_3eOTySCUhx4x
endless-glowing-futuristic-tunnel-loop-2025-04-26-00-31-33-utc_1.mp4,https://drive.google.com/uc?export=download&id=1aVWUqGfzcIKZtjOxIaVbD5ynW4M8ht5B
cyberspace-tunnel-with-rocks-and-sun-2023-11-27-05-15-04-utc_1.mp4,https://drive.google.com/uc?export=download&id=1ewmtA2t_SO_rW8T8KSYa-EPCNQj9Im3K
colorful-futuristic-neon-glowing-palms-background-2023-11-27-05-12-48-utc_1.mp4,https://drive.google.com/uc?export=download&id=1AwDfnK6upjZIuiWhkOnNrif043HNXp4v
bright-neon-abstract-gradient-lines-tech-futuristi-2023-12-01-13-55-47-utc_1.mp4,https://drive.google.com/uc?export=download&id=1sZ8b9rOrD6SSV1XI1pbcwIURBNBbUFVW
abstract-new-retro-wave-saturn-2025-03-29-11-00-22-utc_1.mp4,https://drive.google.com/uc?export=download&id=1mEmjWTNScFuK9I4bv1u-PZga4C8mvUXH
abstract-futuristic-visual-of-a-modern-city-2023-11-27-04-50-08-utc_1.mp4,https://drive.google.com/uc?export=download&id=17QwpARgyryW1CWNUHP0HlFmgv6br1wAq
80s-halloween-2023-11-27-04-50-19-utc_1.mp4,https://drive.google.com/uc?export=download&id=19dPtaYNUmh3afSSlCV1RCRS6jOLkEpxB
disco-vj-tunnel-4k-2023-11-27-05-05-18-utc.mp4,https://drive.google.com/uc?export=download&id=1TTUWYRZLe4BOAB78Kff4b0Xa5UzgpCAK
retro-futuristic-1980s-style-sci-fi-car-background-2023-11-27-04-57-11-utc.mp4,https://drive.google.com/uc?export=download&id=1nyvuWhQ0hye7dCoQbAz2N_CV9p77vG97
road-retro-wave-2023-11-27-05-37-12-utc.mp4,https://drive.google.com/uc?export=download&id=19H_tOREKqfC1ZbRNldCog0iILoANy5JU
cyberspace-tunnel-with-rocks-and-sun-2023-11-27-05-15-04-utc.mp4,https://drive.google.com/uc?export=download&id=1yk1MOkJ-jSZVg89oQXaW73Odtz_zRgnY
colorful-futuristic-neon-glowing-palms-background-2023-11-27-05-12-48-utc.mp4,https://drive.google.com/uc?export=download&id=1TRNqWRRcgkrJFTtbo1Q-UC7IdxaBfLEl
retro-style-80s-90s-futuristic-grid-wireframe-part-2024-07-30-02-16-17-utc.mp4,https://drive.google.com/uc?export=download&id=1eZ130AyhdrPkiUHcLeDlGYYBNr9F9tC6
retro-background-looping-scene-80s-retro-backgrou-2023-11-27-05-17-38-utc.mp4,https://drive.google.com/uc?export=download&id=1ms1D4sU_s7qaENXvFQrMtWGsK5b1QYjk
retro-land-animation-with-grid-and-sun-80-s-synth-2023-11-27-05-13-41-utc.mp4,https://drive.google.com/uc?export=download&id=1P1rYf8Yb63sxdpe1D2_q6re2u57T-mr3
retro-land-animation-with-grid-and-sun-80-s-synth-2023-11-27-04-49-10-utc.mp4,https://drive.google.com/uc?export=download&id=1FXKIFOYfu7lrWpBNdm7-ScPBqr_j3js5
vj-retro-background-2023-11-27-05-00-22-utc.mp4,https://drive.google.com/uc?export=download&id=1sefkO-YZGqOW3IQAzDDG-dXG-T_rjtYP
retro-cyber-city-background-retro-2023-11-27-05-36-13-utc.mp4,https://drive.google.com/uc?export=download&id=1alnKLWLTmH_ZGLTEPNOx1mMMIWyVY3p9
80s-style-neon-city-loop-2023-11-27-04-50-23-utc.mp4,https://drive.google.com/uc?export=download&id=1xAxPcpTX8YFFUUtjk1LxrhwGrRNHB0E4
3d-render-retro-game-arcade-machine-with-technolo-2024-03-26-19-48-07-utc.mp4,https://drive.google.com/uc?export=download&id=133L72HUSQ2lLXIbX0Ir4zDZBuzTDRi1U
tor-tunnel-4k-2023-11-27-04-55-50-utc.mp4,https://drive.google.com/uc?export=download&id=1tttWn-sYX3ZWiBYVBGp0uoj19DiHknEv
the-path-to-the-hologram-of-the-earth-4k-2023-11-27-05-35-32-utc.mp4,https://drive.google.com/uc?export=download&id=1tERwl-3yVqgfaNBk9YtfMers5j9pCn90
retro-80s-90s-neon-background-futuristic-grid-land-2024-05-14-04-55-27-utc.mp4,https://drive.google.com/uc?export=download&id=1sz43RPNGpbZtGCK1WPOI0lste3MwOlxf
retro-80s-90s-neon-background-futuristic-grid-land-2024-05-14-05-14-42-utc.mp4,https://drive.google.com/uc?export=download&id=1Gy717LsChorkND9SSeW9MwCNUqd1Inme
vj-80s-retro-background-2023-11-27-05-22-02-utc.mp4,https://drive.google.com/uc?export=download&id=1Hze9DPqSeUdxpIdV5NHmx2dhu8zjrrga
synthwave-sunset-2023-11-27-05-22-35-utc.mp4,https://drive.google.com/uc?export=download&id=18SGpF_bdMbiXh464MNDsUUdaGuDvuhj8
synthwave-running-man-in-fantasy-space-2023-11-27-04-57-04-utc.mp4,https://drive.google.com/uc?export=download&id=1aF0Sr2mLpTDIJNrBEJotQ1LJcfSL-zdg
synthwave-flying-car-in-fantasy-space-2023-11-27-04-58-51-utc.mp4,https://drive.google.com/uc?export=download&id=17i5zel-mfe1qe3TM3-ChPbY5GuN1u5MN
synthwave-crossing-an-ocean-of-retro-vibes-holog-2024-07-01-20-23-38-utc.mp4,https://drive.google.com/uc?export=download&id=1sHj6_wadH9to-_7100iLQ6iCCtP_AkkS
synthwave-car-sunset-loop-2024-09-24-18-18-45-utc.mp4,https://drive.google.com/uc?export=download&id=1nybriscU-BdbiqMBkQhCjAySSAmQ_-Rn
skyscraper-at-sunset-with-tropical-palms-2023-11-27-05-00-19-utc.mp4,https://drive.google.com/uc?export=download&id=1h3RbTqFWPmk6Z2BIApbVt5AuMPhio0z2
sci-fi-moonlight-car-ride-2024-03-21-16-43-51-utc.mp4,https://drive.google.com/uc?export=download&id=1elTlTiJsy5N9OVNnG6gx-zpoJkzsBSaC
retrowave-lakeside-sunset-4k-2023-11-27-05-10-23-utc.mp4,https://drive.google.com/uc?export=download&id=1IVi8h53wv40tT42QWAhCx-Qt8Lzj8AvB
retrowave-horizon-landscape-with-neon-lights-and-l-2023-11-27-05-10-45-utc.mp4,https://drive.google.com/uc?export=download&id=1ISTQym9OGRX4Klyu0rV6NVki_OOwK6Ju
retrowave-horizon-landscape-with-neon-lights-and-l-2023-11-27-04-58-34-utc.mp4,https://drive.google.com/uc?export=download&id=1SzOkhH9mNTfzRomQJCoEs9Aow6qF4I3h
retro-futuristic-car-on-road-2023-11-27-05-20-20-utc.mp4,https://drive.google.com/uc?export=download&id=1BJreDeKwrhR1-5fdyMFvDWbVhN4NHAjM
retro-80s-style-2023-11-27-05-20-22-utc.mp4,https://drive.google.com/uc?export=download&id=1tkis4xMeaZYU0wYugsRH8tGA4AzUNGA8
retro-80s-futuristic-background-2023-11-27-05-22-23-utc.mp4,https://drive.google.com/uc?export=download&id=1V_C0VHhodVW0VN_1HUK7Fp5dGMG1VX7R
retro-80-s-2023-11-27-04-55-18-utc.mp4,https://drive.google.com/uc?export=download&id=1YET46UsM8bGfnNGxe8UGFTqr-PE_LqAD
purple-and-white-neon-glowing-iridescent-synthwave-2023-11-27-05-13-04-utc.mp4,https://drive.google.com/uc?export=download&id=1lCZd_b1ln5agfAxrEAA2_hxzXOBVX0F0
neon-city-2023-11-27-05-01-08-utc.mp4,https://drive.google.com/uc?export=download&id=11PEjWG8MKGin9nxdbYlzEQkyyzHIPAxw
mountain-light-retro-future-01-hd-2023-11-27-05-21-59-utc.mp4,https://drive.google.com/uc?export=download&id=1ySlrprjHOim_iSMA92Qy8JwpXDtDG1g4
loop-car-driving-on-wet-asphalt-in-retro-style-at-2023-11-27-05-23-19-utc.mp4,https://drive.google.com/uc?export=download&id=1R9iKQHKEJOZ9lu2_nhNoVA37OXAHgNDj
futuristic-spaceship-flying-through-space-2023-11-27-04-52-03-utc.mp4,https://drive.google.com/uc?export=download&id=1_dqC_V1LVhoDztHIBpo5hZPVqgykTTi-
fly-through-neon-city-outrun-synthwave-buildings-w-2023-11-27-05-03-32-utc.mp4,https://drive.google.com/uc?export=download&id=1ygTQIjbSYc2V6RQBIpebttpGeqRvxV7e
concept-16-n1-infinite-abstract-neon-retrowave-ani-2023-11-27-05-09-00-utc.mp4,https://drive.google.com/uc?export=download&id=1hTqPUocmuTnC2-cjYlojaiqR-E4XBIhd
car-and-city-in-neon-style-2023-11-27-05-34-33-utc.mp4,https://drive.google.com/uc?export=download&id=1qpy1pokX2jnuQG8_U4xaFZwISQtmQOj1
blue-and-purple-retro-neon-city-road-loop-animatio-2023-11-27-05-17-57-utc.mp4,https://drive.google.com/uc?export=download&id=1bBYy8NtD0qrYZ7cxffRFgaHi8KzZSBIo
abstract-retro-purple-neon-shiny-road-with-blue-mo-2023-11-27-04-50-55-utc.mp4,https://drive.google.com/uc?export=download&id=1UqMPurCHHjrisI-saPvy9Agn-Pz9PvSI
80s-synthwave-styled-landscape-and-sunset-2023-11-27-04-53-53-utc.mp4,https://drive.google.com/uc?export=download&id=1JcB0SN7IAwE84LdJeYugsiOTN2bGpimN
80s-sci-fi-moonlight-car-ride-2024-03-21-17-02-11-utc.mp4,https://drive.google.com/uc?export=download&id=1LUMqTfVtN5fn6t61wuKWfv76pySLpEQ8
80s-sci-fi-car-drives-fast-on-neon-green-road-loop-2024-03-21-17-02-11-utc.mp4,https://drive.google.com/uc?export=download&id=1Bz9SGG_CeWhs8heFsVMxD_DeiTk96-J0
80s-retro-sunset-and-terrain-brackground-2023-11-27-05-36-23-utc.mp4,https://drive.google.com/uc?export=download&id=1uiXv4QqmKfAGtQP4UirRxyo3bwdchnMF
80s-retro-background-4k-2023-11-27-05-08-16-utc.mp4,https://drive.google.com/uc?export=download&id=1Mf28Bk9qEUvetfG6xC29sNM0bRajQBHt
80s-retro-background-3d-animation-2023-11-27-05-01-51-utc.mp4,https://drive.google.com/uc?export=download&id=11hF5FqdpcpakpASvgHJxH47XwuPEd86Z
80s-desert-dune-02-hd-2023-11-27-05-29-39-utc.mp4,https://drive.google.com/uc?export=download&id=1i7Tk1IK9yeNCGtSYaYTlwLnwvpvalVim
80-s-retrowave-sunset-background-2023-11-27-04-51-01-utc.mp4,https://drive.google.com/uc?export=download&id=1_pAg1v6w_YLn5tB8ZPxN0Bb5WWsvmkVg
80-s-background-2023-11-27-05-08-31-utc.mp4,https://drive.google.com/uc?export=download&id=18eUXqXGLX3wAKObx7vH_KgYUKhijAju3
80-s-background-2023-11-27-05-08-31-utc.mp4,https://drive.google.com/uc?export=download&id=1hJpvAxzSplpPkn7fXhwMM7GzyHGiZh9D
3d-synthwave-style-animated-background-with-tropic-2023-11-27-05-36-18-utc.mp4,https://drive.google.com/uc?export=download&id=1E2ZA7mrFXzGX8qFR2PBRwMcdx0e6R6CW
road-to-the-stars-hd-2023-11-27-05-07-31-utc.mp4,https://drive.google.com/uc?export=download&id=1AoHrJc6pBTaU7FoV9n54-68Shn7FLokf
tunnel-lilac-metal-4k-2023-11-27-05-23-50-utc.mp4,https://drive.google.com/uc?export=download&id=1as2HwwsR0x_1Vm-wCKxCqVUXM6jJKIZI
retro-style-1980s-2023-11-27-05-00-57-utc.mp4,https://drive.google.com/uc?export=download&id=16zdQRhgTBXUCDO4ECdnsuXxATIQN_hZx
sunset-ocean-glow-sun-animation-2025-02-24-02-52-00-utc.mp4,https://drive.google.com/uc?export=download&id=1-HU8wAIx_5AV2jX_JOtHSaJ1TJbuLyuP
digital-video-game-retro-style-80s-90s-2024-07-30-02-16-17-utc.mp4,https://drive.google.com/uc?export=download&id=108v39xbZcyqX1Ci2IScO7cpsRiv-ppBb
abstract-purple-blue-retro-landscape-in-old-80s-9-2023-11-27-05-11-02-utc.mp4,https://drive.google.com/uc?export=download&id=1DZs8tWixbq_alyWYk4qC-xsSfzhGwlAi
trendy-retro-futuristic-pink-neon-lights-retro-su-2024-02-28-05-37-08-utc.mp4,https://drive.google.com/uc?export=download&id=1t-RBYQU3MsTkK4dTKoRSRrMnFPitUd_L
trendy-retro-futuristic-pink-neon-lights-retro-su-2024-02-28-05-37-20-utc.mp4,https://drive.google.com/uc?export=download&id=1QVtdPKZzHZSyGXf3mqkVDU4HUupJi4qH
delorean-retrowave-sci-fi-tunnel-car-lofi-2023-11-27-05-02-56-utc.mp4,https://drive.google.com/uc?export=download&id=1owBkKZQSPk2hIEJndYbzwYNtdoXDIS5Y
vr-360-panoramic-80s-retro-futuristic-2023-11-27-04-55-09-utc.mp4,https://drive.google.com/uc?export=download&id=1rNX4ntb8KnqnD33gJ_HA-myEB6-ilH2i
twitter-2023-11-27-04-55-55-utc.mp4,https://drive.google.com/uc?export=download&id=16JlrL0z16rVzOgNdC8PmBIsXehwBi_53
this-is-a-retro-futuristic-television-that-is-feat-2025-02-11-00-06-55-utc.mp4,https://drive.google.com/uc?export=download&id=169sl7mRLBmHeqwbL7vte_h11Hmkn4qPg
synthwave-running-man-2023-11-27-05-20-23-utc.mp4,https://drive.google.com/uc?export=download&id=1_oQ5-Ul14n8JIL8UPOIIvBYtLCPGtFkn
synthwave-road-2024-09-10-18-03-30-utc.mp4,https://drive.google.com/uc?export=download&id=1nzF8tJZvtgPXpxF7TGr83Zq1keGJ_596
synthwave car 03.mp4,https://drive.google.com/uc?export=download&id=1Ey0grIWHnxaH0TE2U60uAEcehPlL6iza
synthwave car 02.mp4,https://drive.google.com/uc?export=download&id=1i66RP6EjyIBYbYl6FdT1GJqOBx5_taNs
synthwave car 01.mp4,https://drive.google.com/uc?export=download&id=1HuyuxB89KFmbQmF4_pOYLzRqTFeqZhKL
synth-wave-road-with-palms-and-landscape-2023-11-27-05-36-47-utc-2.mp4,https://drive.google.com/uc?export=download&id=1ooIGpvxwlilfre-5IKUFZ8k8Bc1rf2Gp
sunset-behind-palm-leaf-retrowave-4k-2023-11-27-05-32-49-utc.mp4,https://drive.google.com/uc?export=download&id=1UEqFl5o8t6e3wiahcEgUjKZTkoBJdWYx
stylized-vintage-3d-animation-background-with-moun-2023-11-27-04-57-29-utc.mp4,https://drive.google.com/uc?export=download&id=1cRaVJfW9VAOs5vd_OG8qeu9vEt9Gv6Xc
sci-fi-planets-2023-11-27-05-23-31-utc.mp4,https://drive.google.com/uc?export=download&id=1UNX-ad0Sh93hj79pavnq-AriXBbESHXV
retrowave-style-background-2023-11-27-05-36-16-utc.mp4,https://drive.google.com/uc?export=download&id=1maGkAg67lzP__w4u61GgBNu2pyGubvCx
retro-wave-animation-with-sun-space-mountains-and-2023-11-27-05-02-24-utc.mp4,https://drive.google.com/uc?export=download&id=1CVg7Qs22USy_fKfKQcOxnDPpHVIdA9v7
retro-synthwave-triangle-frame-loop-animation-back-2024-08-07-16-22-28-utc.mp4,https://drive.google.com/uc?export=download&id=1pO2qDzJ8JxsnNrxXoFu7GYEp-NAhe7zb
retro-futuristic-scifi-night-city-seamless-loop-2023-11-27-05-07-21-utc.mp4,https://drive.google.com/uc?export=download&id=1Cp4U5sVr57YcMgMVQ0lIDCrKnMWqGgHr
retro-futuristic-scifi-night-city-seamless-loop-2023-11-27-04-49-02-utc.mp4,https://drive.google.com/uc?export=download&id=1zeXF4SlcSsWpsUqbRF_NYXvaC54SIkLJ
retro neon triangle 01.mp4,https://drive.google.com/uc?export=download&id=18MEjouUyBQ_lw4hxTY_0lGCAVp9RnBez
RED SUN.mp4,https://drive.google.com/uc?export=download&id=1rY01_lcEBhzvyzeJ7TaOAo-exTe7e3G1
loop-of-a-cyber-neon-car-through-the-night-city-in-2023-12-12-19-04-32-utc.mp4,https://drive.google.com/uc?export=download&id=1ot-1kuSkoBdqfV97Y4J8y1L-c41jikYJ
loop-car-and-background-neon-retro-wave-80s-style-2023-11-28-18-13-58-utc.mp4,https://drive.google.com/uc?export=download&id=12Imhb1lEGpmMyevNEtWaEmxsJG-wJsLK
glowing-sphere-2023-11-27-05-21-16-utc.mp4,https://drive.google.com/uc?export=download&id=1Fn_jIXtXYNTql8eKehlJ2DruWQQ60lYI
Geometric Purple Animated Background.mp4,https://drive.google.com/uc?export=download&id=1lKEHBxQ_4XKaDMREnFpO_DCu0mU2DThR
futuristic-synthwave-palm-trees-and-road-2023-11-27-05-13-56-utc-2.mp4,https://drive.google.com/uc?export=download&id=1V1-MM19_2GSEa7dyv7EKXq250Gx7BK4h
foggy-glowing-synth-wave-style-endless-road-with-p-2024-07-24-16-28-42-utc.mp4,https://drive.google.com/uc?export=download&id=1AK7xl3fkKGWmrGYf9VI0BWi64MGiPSkO
abstract-retro-futuristic-blue-neon-road-loop-anim-2023-11-27-05-12-43-utc.mp4,https://drive.google.com/uc?export=download&id=1m2qXpAfIkAjFsPPCbQlKC6SWQsAfpefW
80s-retrowave-background-4k-2023-11-27-05-06-05-utc-2.mp4,https://drive.google.com/uc?export=download&id=12jQdVWNFFeyIb4qtF7cGcUKmt8LX-3Lc
04.Neon_Synthwave_BG.mp4,https://drive.google.com/uc?export=download&id=1lE0vk14rwKV4S_GbTtIQpDXGuXm5Yc22
03.Neon_Synthwave_BG.mp4,https://drive.google.com/uc?export=download&id=1_aGP8gjdgtG1S3idESRDWWCHFu_gqhau
02.Neon_Synthwave_BG.mp4,https://drive.google.com/uc?export=download&id=1pBfzC7Vf5fVw5Y6JIYDT0JgLMry92NwO
01.Neon_Synthwave_BG.mp4,https://drive.google.com/uc?export=download&id=1HuXECZRMCyRB2R0zsfYVNktXX9skbtTw
retrowave-saturn-2023-11-27-05-27-11-utc.mp4,https://drive.google.com/uc?export=download&id=1y7xsVHzgrKZMHjULKOrBP8LweU6dx0fp
retrowave-vj-videogame-landscape-neon-lights-back-2023-11-27-04-51-39-utc.mp4,https://drive.google.com/uc?export=download&id=1gRcYpULMgyDfPesVLzuvSc-3M4E8OeAm
synthwave-landscape-of-glowing-river-mountains-and-2023-11-27-05-01-43-utc.mp4,https://drive.google.com/uc?export=download&id=13eNsPyPkxYD3q7TfQgQ0EMntk7cmp5ow
vaporwave-aesthetics-2023-11-27-05-02-16-utc.mp4,https://drive.google.com/uc?export=download&id=1P4hfy-pSS-fMEK6p5BFED2uCMlBp1nwW
space-ship-cartoon-4k-2023-12-21-18-55-24-utc.mp4,https://drive.google.com/uc?export=download&id=1Y7WXw0-Pv1UAXPSuxeO1FYnfLbDAY4-i
sci-fi-biker-riding-futuristic-synthwave-backdrop-2023-11-27-05-30-47-utc-2.mp4,https://drive.google.com/uc?export=download&id=14VeMlEUTvbDBUyKLaQxvJBt0k9y_vb6I
retrofuturistic-80s-style-scifi-car-background-2023-11-27-05-02-41-utc.mp4,https://drive.google.com/uc?export=download&id=1_tdg-1X4sruitcpWF1N1TJTrzba-j7bc
retro-tunnel-with-neon-rays-2023-11-27-04-55-28-utc.mp4,https://drive.google.com/uc?export=download&id=1yIiZRsZ_jQtIr5KxcPrzX7Mtg6JPnu5g
retro-style-landscape-with-sun-and-sun-rays-looped-2023-11-27-04-51-56-utc.mp4,https://drive.google.com/uc?export=download&id=1X3NoGhN1UTuRhDAXj9W2C8NpLErmo5xi
retro-style-landscape-and-sun-2023-11-27-04-49-39-utc.mp4,https://drive.google.com/uc?export=download&id=1WUEbBdBfpRT1OtHviOlTV5Ttc3Re_V1k
retro-night-background-2023-11-27-05-34-38-utc.mp4,https://drive.google.com/uc?export=download&id=1RmDkO7JPDbFzyJv5wJTt7Gjt1e_Y2gvr
Purple Neon Grid Landscape.mp4,https://drive.google.com/uc?export=download&id=1lsrnfKMym4Y9RPo9kIMNEg5M2JqnJY1j
palm-tree-and-sunset-80-s-retrowave-background-2023-11-27-05-05-49-utc.mp4,https://drive.google.com/uc?export=download&id=1y-Dp6N_zZiHYmyPJekxk-hn01qQljedJ
outrun-retro-80s-background-loop-blue-4k-2024-07-19-19-36-07-utc.mp4,https://drive.google.com/uc?export=download&id=1AB5IzGSUYnl15l4a9HbwF9rsMtUKM7vg
neon-retro-city-background-futuristic-city-80s-90s-2024-12-04-05-36-47-utc.mp4,https://drive.google.com/uc?export=download&id=1PEdL3NFvmRrETXgwauaOTgQuc0P7aFjd
neon-glowing-synthwave-car-loop-2023-11-27-05-18-34-utc.mp4,https://drive.google.com/uc?export=download&id=1Kv6h-yCyMRPa-fOR0rd6haihvGZn1-nJ
neon-glowing-synth-wave-background-2023-11-27-05-08-10-utc-2.mp4,https://drive.google.com/uc?export=download&id=1uXx56BPuvsYFb57ChbtigX9oo1eWD667
loop-car-and-background-neon-retro-wave-80s-style-2023-11-28-18-12-57-utc.mp4,https://drive.google.com/uc?export=download&id=1eFQ8sUURVpD1eifOJwTPbpdqpPVPczd2
futuristic-sport-car-with-neon-glowing-palms-2023-11-27-05-03-31-utc.mp4,https://drive.google.com/uc?export=download&id=1OKD5f5vjYwmpED-_zzmnboLZIseXDJgx
flying-through-abstract-tunnel-in-retro-style-back-2023-11-27-05-26-06-utc.mp4,https://drive.google.com/uc?export=download&id=1m98RXvlUUfbLrkbnLQm226DqWAVK7Ytn
crystal-landscape-03-hd-2023-11-27-05-07-36-utc-2.mp4,https://drive.google.com/uc?export=download&id=1pctemBjtYoPkcieX_kGrJC3XrfMy07jS
crystal-landscape-02-hd-2023-11-27-05-30-24-utc-2.mp4,https://drive.google.com/uc?export=download&id=1BOSz1AVDN4iDiP6FEUWVsgKjbpZe--EL
colorful-light-tube-hd-2025-02-26-05-12-26-utc.mp4,https://drive.google.com/uc?export=download&id=1z72gyaxIu6W9mP83_TfpMzGuxGbYZVOt
classic-statue-neon-hd-2025-02-28-03-47-43-utc.mp4,https://drive.google.com/uc?export=download&id=1MVhWTWwJntgo1CC838-DQ_Jsx_1qI9HI
chrome-neon-tunnel-hd-2023-11-27-05-22-04-utc-2.mp4,https://drive.google.com/uc?export=download&id=1YyG9KspsPehfFqNHSmYD19r-f0Z5Wsst
astronaut-surrounded-by-flashing-neon-lights-2023-11-27-05-33-57-utc.mp4,https://drive.google.com/uc?export=download&id=1P_WeQTO_j5k7SxjOpCJ__0P6-ulVrN2Y
abstract-tunnel-with-glowing-lights-loop-2024-01-20-19-08-52-utc-2.mp4,https://drive.google.com/uc?export=download&id=1WIkW-qq-QiJnBpM_Fs9Za2ejJgkALzjV
80s-retro-futuristic-sci-fi-seamless-loop-2023-11-27-05-04-16-utc.mp4,https://drive.google.com/uc?export=download&id=162wJofhgm0vhrX48gNwVB9PHBEnN2zFO
80s-retro-background-2023-11-27-05-06-49-utc.mp4,https://drive.google.com/uc?export=download&id=1BMcQpDkJTMXuTu7g73xVWGzsd9JgYyf1
80s-retro-background-3d-animation-2023-11-27-05-35-43-utc.mp4,https://drive.google.com/uc?export=download&id=1EdnH97y3U45ZhHl-rcY6wBTMlVcO7S_a
80s-retro-background-3d-animation-2023-11-27-04-55-55-utc.mp4,https://drive.google.com/uc?export=download&id=1p_tyY0CmsPB3bPAg4hmeuyh39F6H0GVE
80-s-retrowave-the-road-to-universe-2023-11-27-05-03-26-utc.mp4,https://drive.google.com/uc?export=download&id=1w0V9bDFvWZdqgk9Zvxo_KhEen1Ak_bXY
80-s-retrowave-macintosh-background-4k-2023-11-27-04-49-29-utc.mp4,https://drive.google.com/uc?export=download&id=1rE8LXTTdw_RDGJjpx7VynCXzI6NMyhzW
80-s-retrowave-background-2023-11-27-04-54-07-utc.mp4,https://drive.google.com/uc?export=download&id=1H9Lmhx902k3kOcNoAv0nYORfkjCYZhXL
80-s-retrowave-apple-macintosh-2023-11-27-04-57-55-utc.mp4,https://drive.google.com/uc?export=download&id=1ZrKZOT4pI0eRiC_x-v1US7n5y9PWg_aG
4k-retro-gamepad-2023-11-27-05-06-54-utc.mp4,https://drive.google.com/uc?export=download&id=1fbyw8VVv919vYxb4H2YEKZS77OXbBVg5
3d-synthwave-background-2024-12-04-05-35-49-utc.mp4,https://drive.google.com/uc?export=download&id=118-ob5q77ovZpzw055dFQ1voNH8yT7pS
3d-cyberpunk-retro-style-2023-11-27-05-12-53-utc.mp4,https://drive.google.com/uc?export=download&id=1YdRFzQHPVJXB-f36F_-S7bKGjUfmg-1o
3d-cyberpunk-retro-style-2023-11-27-04-51-59-utc.mp4,https://drive.google.com/uc?export=download&id=1Mlgn7R-GQo6RkK9smhD5L8Hhsh3XjgCs
retro-futuristic-80s-style-sci-fi-car-background-2025-04-10-23-14-20-utc.mp4,https://drive.google.com/uc?export=download&id=1oq4uE9U_Vm5PPedTfW6lhH9C-aFlf4a8
retro-futuristic-80s-style-with-neon-city-backgrou-2023-11-27-04-51-53-utc.mp4,https://drive.google.com/uc?export=download&id=1rXAuO8xyapFJ6lWsKBF-9THyDk7JAT_d
retro-neon-spaceship-flying-through-the-mountains-2023-11-27-05-19-01-utc.mp4,https://drive.google.com/uc?export=download&id=1-ReKVM1LIohYhsgDTnKgyJDNW3y2yRyy
retro-background-2023-11-27-05-11-00-utc.mp4,https://drive.google.com/uc?export=download&id=1NCrANQv7Ym0L-JtSRqpe8t-wAdeFdQyz
retrowave-and-synthwave-style-background-2025-02-14-05-07-46-utc.mp4,https://drive.google.com/uc?export=download&id=1qTPuA4oTAdooOqeT3Vdxzs6cq8pNc2OD
futuristic-retro-background-2023-11-27-05-22-42-utc.mp4,https://drive.google.com/uc?export=download&id=1YmDsb0s42kD-gSPle_jwG1icPi8yCi1F
vaporwave-background-4k-2023-11-27-05-08-39-utc.mp4,https://drive.google.com/uc?export=download&id=1DlFlAXYFVBf-tda1aLvh_6rGGGhXMlsz
vaporwave-aesthetics-4k-2023-11-27-05-30-20-utc.mp4,https://drive.google.com/uc?export=download&id=1srVXS2g9MaQQSeOullmOLvpQvJC2ToVU
synth-wave-retro-futurism-landscape-loop-2023-11-27-05-18-10-utc.mp4,https://drive.google.com/uc?export=download&id=1_UcteJ7WXm2D4hYBc6UJceWXO7ehdO_v
sci-fi-car-riding-in-neon-glow-arrows-tunnel-2023-11-27-05-17-04-utc-2.mp4,https://drive.google.com/uc?export=download&id=1zob8k_W58ZwI3GgmWxFBNd__HVwDEN95
retrowave-tropical-landscape-looped-vj-animation-2023-11-27-05-08-31-utc.mp4,https://drive.google.com/uc?export=download&id=16i2igPlPg-TmaP2jdAf1ehbgDhVNqy1d
retrowave-style-sun-and-grid-2023-11-27-05-02-42-utc.mp4,https://drive.google.com/uc?export=download&id=1MvK1-hCCCg1L0OCN3dl_-OKrvhw4vbyR
retrowave-style-animation-of-neon-city-2023-11-27-05-01-26-utc.mp4,https://drive.google.com/uc?export=download&id=12-K50vo1ux9IoLdMmpxcAVZNaRcLjpUc
retrowave-outrun-2023-11-27-05-01-01-utc.mp4,https://drive.google.com/uc?export=download&id=1e5T5imevdxoSM9NSI214ipRVyfzCqPY1
Retrowave Sun 4K.mp4,https://drive.google.com/uc?export=download&id=1tjsFpGd6HcG_iD5q23jf_njunTfh7LES
Retrowave Pyramids HD.mp4,https://drive.google.com/uc?export=download&id=1NQR0P6gZHvqk_rS8oSruQRMai1L4x3bN
Retrowave Palms 4K 2.mp4,https://drive.google.com/uc?export=download&id=15WK_cDFpJwlpG0DFuF8fF7h7L0hGREka
Retrowave Grids Loop.mp4,https://drive.google.com/uc?export=download&id=1a14LzU2s2woLJLssneCoXVl38-uYZTfx
outrun-retrowave-2023-11-27-05-28-43-utc.mp4,https://drive.google.com/uc?export=download&id=1P8RS9oRF3ojRERzJKvQrx_V6tKcBYmbT
neon-glowing-sport-car-riding-in-neon-city-2023-11-27-05-10-59-utc.mp4,https://drive.google.com/uc?export=download&id=1w7yFrWVRzQ3NcFNaAaH1Hj96oy9jgUS5
neon-80s-retro-background-a1-hd-2023-11-27-05-10-45-utc.mp4,https://drive.google.com/uc?export=download&id=1Gvs7Y6KoYgE17KUyjeLVLcmPuq0Mc87D
islands1.mp4,https://drive.google.com/uc?export=download&id=1ocJcbEc3aYk982J6w039maboGxfc678g
futuristic-car-riding-retrowave-backdrop-2023-11-27-04-57-28-utc.mp4,https://drive.google.com/uc?export=download&id=1llqo78SHi4atrOWFBTdjSfNd_DcKf2cc
futuristic-car-drive-through-neon-city-2023-11-27-05-12-28-utc.mp4,https://drive.google.com/uc?export=download&id=1kI764fw2MNsSAU4jpMHGhAOxk6P04iDx
flying-through-abstract-tunnel-in-retrowave-style-2023-11-27-05-28-05-utc.mp4,https://drive.google.com/uc?export=download&id=1gGX6WCYvv5IKD2t4VoAs46Zk0z1Jlh0R
cyber-punk-biker-riding-synthwave-background-2023-11-27-05-04-09-utc.mp4,https://drive.google.com/uc?export=download&id=1duBT4XnpIQQjD6Ztlx2GgMWXnPPKpLzn
Arcade Cyber Sun Looped Background 16 bit.mp4,https://drive.google.com/uc?export=download&id=1bMwtNYRB1omwRY36gz2b9GW-xkfz2-UC
80s-synthwave-retro-4k-2023-11-27-05-35-42-utc-2.mp4,https://drive.google.com/uc?export=download&id=1Vw3rDrPCez3cO-W4pPrQ2aq58aLPnLlS
80s-summer-party-01-4k-2024-04-30-17-42-16-utc.mp4,https://drive.google.com/uc?export=download&id=1_otFGxxxGRGMAgDW0REbdURtTv5VJaSJ
80s-night-vj-05-hd-2023-11-27-05-25-16-utc.mp4,https://drive.google.com/uc?export=download&id=14-3F6t1kk01i03J5rfVkeblok7pawe2E
80s-night-party-hd-2025-02-11-00-47-50-utc.mp4,https://drive.google.com/uc?export=download&id=1JHkekdsf3y-emu25Wsy--vfV7IIV6t_4
80s-dance-floor-01-4k-2025-03-27-20-03-10-utc.mp4,https://drive.google.com/uc?export=download&id=14ww9EY5xDQKloqXGde6nM-H1QEBQVrE5
80s-coconut-night-4k-2023-11-27-05-37-13-utc.mp4,https://drive.google.com/uc?export=download&id=1N1VY3FOmUtCo7lPH8mdFJQkxrKcPjLQz
80s_06_4K.mp4,https://drive.google.com/uc?export=download&id=1_RkkC6M0imNs882zgMl1bGcWA_KGct1X
80s_03_4K.mp4,https://drive.google.com/uc?export=download&id=1t70AC5t9YEgtTSGwNxP5s0f9B_IDVYr5
80-s-retrowave-the-road-to-universe-2023-11-27-05-25-54-utc.mp4,https://drive.google.com/uc?export=download&id=1WlxUHICWVbJIUXAf7sMjb0jVCgbe23RU
80-s-retrowave-sunset-on-moving-grid-2023-11-27-05-21-25-utc.mp4,https://drive.google.com/uc?export=download&id=1IyNpt-7Pe6_avj-CWM3ii1Q8Tr6l3FT-
80-s-retrowave-background-2023-11-27-05-08-41-utc.mp4,https://drive.google.com/uc?export=download&id=1aHicYImlNL00h8LSk7vwGo_t04LT9vuV
80-s-retrowave-background-2023-11-27-04-53-57-utc.mp4,https://drive.google.com/uc?export=download&id=15Dt-meaCu3dBUA-Rn_JhU-gtsa11asIa
80-s-retrowave-abstract-journey-2023-11-27-05-19-23-utc.mp4,https://drive.google.com/uc?export=download&id=1vxc9d7yrKXSpFruC1tmnZ1JDo50zbAsC
4k Retrowave Loop.mp4,https://drive.google.com/uc?export=download&id=1qPYiAX5QB4-R8FAnC1Ch7GFPVwpe-9c-
80s-retro-background-05-4k-2023-11-27-05-03-24-utc-2.mp4,https://drive.google.com/uc?export=download&id=17AeEdcd4B3jLewpTWXOTWj7wXaOQICoy
80s-retro-background-03-2023-11-27-04-53-12-utc-2.mp4,https://drive.google.com/uc?export=download&id=1ROTiOuKWwNXrJtgW4bSnchPUzUOXvYnB
80-s-style-loop-2023-11-27-05-37-26-utc.mp4,https://drive.google.com/uc?export=download&id=1xLIM7eevI5dzG7arXHL9k9Hzag1_TU9w
astronaut-runs-surrounded-by-flashing-neon-lights-2023-11-27-05-08-34-utc.mp4,https://drive.google.com/uc?export=download&id=1hTVgOnScUUUD4h_0KrVDvvUEyjHgnrh9
vaporwave-4k-2023-11-27-05-03-44-utc.mp4,https://drive.google.com/uc?export=download&id=1K-PT8kjNwrbGU44Tz5w8hngW-SdOsZuO
neon-box-retro-2025-02-22-03-53-18-utc.mp4,https://drive.google.com/uc?export=download&id=1mKY7J56rXf6Z-4KWrx3gK9mtlJ4V1pQS
synthwave-wireframe-net-and-stars-80s-retro-futuri-2023-11-27-05-27-49-utc.mp4,https://drive.google.com/uc?export=download&id=1p6aobJdyXvek2VDqLaGh3LbbPl14TRLt
80s-retro-background-2023-11-27-05-19-05-utc.mp4,https://drive.google.com/uc?export=download&id=1Mqw2xBKF4yfbpkqGhKt7prz0yEzv-_Bk
retro-wave-tunnel-2023-11-27-05-09-04-utc.mp4,https://drive.google.com/uc?export=download&id=1P9U1wauIyBQsqa7MPtocc94vvXltbLCd
80s-retro-grid-background-2023-11-27-05-15-25-utc.mp4,https://drive.google.com/uc?export=download&id=1rOhASCtHGjgXvHkChwaObnlHxNotKMta
80s-retro-wave-2023-11-27-04-49-02-utc.mp4,https://drive.google.com/uc?export=download&id=1aKM2grl9DVNNif29YhcAEBAcHEk6qlO2
mountain1.mp4,https://drive.google.com/uc?export=download&id=14Av7Z6qYDl3sbSo-jj3ezflLYhTQ_zrM
landscape1.mp4,https://drive.google.com/uc?export=download&id=15GWMEBXmysIQVOpfVVhgTfNLt55FWdUK
landscape2.mp4,https://drive.google.com/uc?export=download&id=1PIMjwajbxBy9OJ5Eznf22C6NRxDJ9Prz
sunsets1.mp4,https://drive.google.com/uc?export=download&id=18rDHRAAbKyacyE8X7I4iopv-2CUXx1PU
cars1.mp4,https://drive.google.com/uc?export=download&id=1PRTG1AV5KRwblMV6GhToSjr6cdLyDV-L
rollercoasters1.mp4,https://drive.google.com/uc?export=download&id=1PbzrVwXxxRdj0oSF9r2RtSNFCQkDWHne
"03_Retro Futuristic Flight Over Grid, Seamless Background 80S Retro Fantasy3.mp4",https://drive.google.com/uc?export=download&id=1VSqAUNWalwUv2-QchQ2AiJ9kh_QwymmU
"06_Retro Futuristic Flight Over Grid, Seamless Background 80S Retro Fantasy6.mp4",https://drive.google.com/uc?export=download&id=1NTauh0Vt6zW1HEDcZb_tZEehf4cN-dyE
"04_Retro Futuristic Flight Over Grid, Seamless Background 80S Retro Fantasy4.mp4",https://drive.google.com/uc?export=download&id=1CniAuxjRljfCQ1O7isMyll-eumjm0s0P
"05_Retro Futuristic Flight Over Grid, Seamless Background 80S Retro Fantasy5.mp4",https://drive.google.com/uc?export=download&id=1vwLAK1_FKuLfA0nO_vxQzgQxgfhvUAmU
"02_Retro Futuristic Flight Over Grid, Seamless Background 80S Retro Fantasy2.mp4",https://drive.google.com/uc?export=download&id=1RlJSGZDiYOGpDfGoTqB9TOz5ScA2lUmC
"01_Retro Futuristic Flight Over Grid, Seamless Background 80S Retro Fantasy1.mp4",https://drive.google.com/uc?export=download&id=1np3zmyTDf_mlJtYo2aiEjoHTk_dLHdiq
Fly Through Retro 80s Futuristic Moving Neon Grid Synthwave 3D Lines.mp4,https://drive.google.com/uc?export=download&id=1izoG8wEOWdyLYosVdLV3CDa75--T42UM
Retro Neon Grid Twist Tunnel of 80s Hot Pink Blue Glow Laser Lights.mp4,https://drive.google.com/uc?export=download&id=1rCimkefrGc9nmTAD8j3yo3pw_q3wKLSa
Retro 80s Neon Light Wireframe Grid Cube Array Synthwave 3D Tunnel.mp4,https://drive.google.com/uc?export=download&id=1OvqQaEmpcu609H_-5EMUpo79WXX_-ifc
Fly in Neon Glow 80s Synthwave Wireframe Net Grid Geometric Spheres.mp4,https://drive.google.com/uc?export=download&id=1EfsxpUeI3hYl0olaqkT0iZt3FCo2hTwl
Fly Between Wavy Synthwave Neon Grid Planes Bending Corridor Path.mp4,https://drive.google.com/uc?export=download&id=1uGmqBY18zYgyyc6X1EDc6TkRNGLqcf8w
Synthwave Retro Wireframe Net Grid Ocean Tidal Waves and 80s Sun.mp4,https://drive.google.com/uc?export=download&id=1Xvkr6S5iGS6DSMRN5b2UOTEWDJWapzV1
Synthwave Retro Grid Tunnel and Futuristic Diamond Neon Lights Glow.mp4,https://drive.google.com/uc?export=download&id=1htqSpwHbB16Lacm6JG9gPOuC5M1Yt-SW
Synthwave Neon Laser Grid Tunnel and Retro 80s Wireframe Octahedron.mp4,https://drive.google.com/uc?export=download&id=1CtdA2sXzn189Bnt8JrFcvmwtQPaRhnST
Synthwave Landscape of Glowing River Mountains and Retro 80s Sun.mp4,https://drive.google.com/uc?export=download&id=1cRY4kLfuch3vyzpT7pddJ1wUIL0uYFHl
Retro Wavy Grid 80s Synthwave Neon Net Waves in Aesthetic Vaporwave.mp4,https://drive.google.com/uc?export=download&id=1NhcJErgYXNC7C0c2HqeZV9yELZmVwQ2e
Retro Synthwave 80s Neon Grid Net Lines and Parallel Planes.mp4,https://drive.google.com/uc?export=download&id=1rxuc1z_rEVsupR4Hw5Mjc9jdXRPghmbJ
Retro Synthwave 80s Glowing Pink Neon Grid Hexagon Tunnel Net Lines.mp4,https://drive.google.com/uc?export=download&id=1cT8H2BnQLNiTZDPcWnSAaIC-g4i3heev
Retro Synthwave 3D Laser Wireframe Cube Rotating Over 80s Neon Grid.mp4,https://drive.google.com/uc?export=download&id=1YopTTA_JTNoeqlRlZNoKcuODA3sNA4wS
Retro Pyramids on 80s Synthwave Neon Landscape with Glowing Sun.mp4,https://drive.google.com/uc?export=download&id=12MKJ-s5Dbk41-vP1SghLSPyfG7ErUQD3
Retro Pink Synthwave Laser Beam Light Tunnel with Neon Glow Lines.mp4,https://drive.google.com/uc?export=download&id=1YDvgzkN2j0fTl8IGrJbZDuJa9kv-xMDU
Retro Futuristic 80s Vaporwave Triangle Grid Synthwave Tunnel.mp4,https://drive.google.com/uc?export=download&id=1WAkcH06I-11IzsWqaw3KImKTZxmMFI2h
Retro 80s Wireframe Glowing Neon Grid Tiles Moving Up and Down.mp4,https://drive.google.com/uc?export=download&id=11Kp_rSrVdQN2e6T2lNEn-dem__hEHAWF
Retro 80s Glowing Pink Neon Grid Synthwave Net Lines Slowly Moving.mp4,https://drive.google.com/uc?export=download&id=1y3yNyoKCXeh2cJ4jM1FiQ6xnHrmLqDRP
Retro 80s Futuristic Synthwave Neon Laser Glow Grid Plane Rotates.mp4,https://drive.google.com/uc?export=download&id=1RfQ84JC54CQxwmpv52avD7ssClkuZ4ZW
Inside Synthwave Glowing Retro Wireframe Rotating Neon Cube Grid.mp4,https://drive.google.com/uc?export=download&id=1hogNuYIy7SXRY3LytdkYM33-aJgI5WEs
4k Neon Cyberpunk City.mp4,https://drive.google.com/uc?export=download&id=1AP7rxyOPopKedvcdrvfxaSHZrgflmptu
4k Neon Cyber City.mp4,https://drive.google.com/uc?export=download&id=1RoCa529dbPU9l0SHDLu6Hj-w_Q_5SupO
4k Cybernetic Neon City.mp4,https://drive.google.com/uc?export=download&id=1NwzgkBAW8uGLC3XFzY5oxYX_8Tk074Zs
4k Futuristic Neon City.mp4,https://drive.google.com/uc?export=download&id=1xbYs39BAWH4sBjaTHm5lYOGyaFF66_RC
4.mp4,https://drive.google.com/uc?export=download&id=114-AhjSOzii_-bgwOympgOX7VLmw5PsV
3.mp4,https://drive.google.com/uc?export=download&id=1qVpW7bn7e-DwbN5QPJTB1Jn4lntFNLrm
2.mp4,https://drive.google.com/uc?export=download&id=1cMh7j9CMF-h0EBtXAD0aOlpb2IvmHxWg
1.mp4,https://drive.google.com/uc?export=download&id=1eWYDCYOCdZE3KHg-F0Fk6oZ5JR0H9Qo2
Retro_Loop02_4K.mp4,https://drive.google.com/uc?export=download&id=1QpYCRNh3BrY4_tDPkZ7rgRyVO_Ream57
Retro_Loop03_4K.mp4,https://drive.google.com/uc?export=download&id=17oNJIn7cMWkwjCVsqKWL9d_pUQ-c77Fv
Retro_Loop01_4K.mp4,https://drive.google.com/uc?export=download&id=1yb4deM8h0cYv7oR3BoLjsO1wLerNNo4A
Retro_Loop04_4K.mp4,https://drive.google.com/uc?export=download&id=1mZupw19VwZJFeSUrIsqOritYcUt3_B4a